"","x"
"organ",267
"manag",222
"work",202
"system",192
"project",184
"problem",171
"exampl",164
"differ",157
"approach",154
"question",152
"peopl",141
"data",140
"process",139
"chang",130
"model",124
"time",111
"decis",110
"map",106
"import",103
"design",99
"issu",98
"group",97
"understand",92
"enterpris",91
"mani",89
"practic",88
"action",87
"consult",86
"discuss",84
"base",83
"busi",83
"develop",81
"view",81
"situat",79
"note",76
"case",74
"know",72
"team",72
"risk",72
"paper",70
"world",68
"plan",68
"interest",67
"ibi",66
"user",65
"consequ",63
"follow",63
"mean",63
"inde",62
"possibl",61
"fact",60
"inform",60
"result",59
"uncertainti",59
"actual",58
"surpris",58
"best",57
"deal",56
"focus",56
"term",55
"word",55
"flexibl",55
"object",54
"stakehold",54
"theori",54
"context",53
"book",53
"ration",52
"dialogu",51
"sens",50
"author",49
"done",49
"involv",49
"matter",48
"reason",48
"start",48
"routin",48
"emerg",47
"error",47
"general",47
"relat",47
"standard",47
"techniqu",47
"common",47
"human",46
"state",46
"structur",46
"within",46
"complex",46
"itx",45
"knowledg",45
"call",44
"idea",44
"repres",44
"respons",44
"year",44
"condit",44
"convers",44
"cost",44
"detail",43
"type",43
"social",42
"environ",42
"perform",42
"figur",42
"just",41
"ixm",41
"event",40
"big",39
"donxt",39
"although",38
"build",38
"defin",38
"high",38
"profession",38
"real",38
"requir",38
"happen",38
"technolog",38
"answer",37
"describ",37
"key",37
"made",37
"realiti",37
"wick",37
"better",37
"experi",37
"realli",37
"captur",36
"give",36
"must",36
"success",36
"implement",36
"clear",35
"hand",35
"present",35
"framework",35
"aspect",34
"certain",34
"complet",34
"creat",34
"failur",34
"find",34
"product",34
"instead",34
"thatx",34
"execut",33
"individu",33
"initi",33
"perspect",33
"specif",33
"therefor",33
"truth",33
"typic",33
"live",33
"claim",32
"expert",32
"lead",32
"other",32
"caus",32
"architect",32
"becom",32
"ixv",32
"offer",31
"polit",31
"whether",31
"open",31
"generat",31
"job",31
"around",30
"natur",30
"oper",30
"true",30
"talk",30
"without",30
"softwar",30
"youxr",30
"area",29
"assum",29
"control",29
"function",29
"thought",29
"direct",29
"outcom",29
"fail",29
"seem",29
"believ",29
"intern",29
"argument",28
"back",28
"mention",28
"support",28
"technic",28
"long",28
"cours",28
"aim",27
"intellig",27
"main",27
"notat",27
"yes",27
"articl",27
"collabor",27
"increas",27
"paul",27
"facilit",27
"featur",27
"studi",27
"holm",27
"document",26
"level",26
"notion",26
"share",26
"depend",26
"ambigu",26
"learn",26
"option",26
"overlook",26
"singl",26
"node",26
"prof",26
"associ",25
"consid",25
"enabl",25
"engag",25
"factor",25
"posit",25
"provid",25
"usual",25
"abil",25
"place",25
"address",24
"definit",24
"futur",24
"line",24
"origin",24
"simpl",24
"wide",24
"rule",24
"architectur",24
"expect",24
"entrepreneurship",24
"hold",23
"tthe",23
"sensemak",23
"valu",23
"written",23
"depart",23
"obvious",23
"space",23
"alway",23
"prefer",23
"three",23
"parmenid",23
"construct",22
"custom",22
"domain",22
"final",22
"implic",22
"ixll",22
"mainstream",22
"occur",22
"propos",22
"short",22
"simpli",22
"toward",22
"across",22
"ethic",22
"small",22
"part",22
"rich",22
"heraclitus",22
"activ",21
"consist",21
"effort",21
"suggest",21
"tool",21
"number",21
"power",21
"read",21
"recent",21
"limit",21
"person",21
"procedur",21
"solut",21
"sometim",21
"wherea",21
"turn",21
"sean",21
"dilemma",21
"altern",20
"assumpt",20
"classic",20
"effect",20
"introduct",20
"move",20
"observ",20
"order",20
"reflect",20
"goal",20
"let",20
"yet",20
"choic",20
"consider",20
"govern",20
"life",20
"uniqu",20
"video",20
"includ",20
"myth",20
"close",19
"difficult",19
"element",19
"imposs",19
"improv",19
"intend",19
"interpret",19
"less",19
"logic",19
"pretti",19
"relev",19
"research",19
"search",19
"taken",19
"perhap",19
"continu",19
"elabor",19
"methodolog",19
"obliqu",19
"principl",19
"leav",19
"stori",19
"probabl",19
"yeah",19
"pole",19
"ago",18
"applic",18
"built",18
"employe",18
"least",18
"lie",18
"method",18
"piec",18
"relationship",18
"coupl",18
"cultur",18
"identifi",18
"side",18
"similar",18
"wrong",18
"illustr",18
"second",18
"pattern",18
"tri",18
"bryant",18
"analysi",17
"appropri",17
"attribut",17
"collect",17
"concern",17
"corpor",17
"despit",17
"determin",17
"given",17
"latter",17
"remain",17
"viewpoint",17
"easi",17
"face",17
"skill",17
"whole",17
"appear",17
"critic",17
"hard",17
"platitud",17
"glyma",17
"disclos",17
"offic",17
"egg",17
"accord",16
"begin",16
"benefit",16
"check",16
"divers",16
"earlier",16
"exist",16
"explain",16
"four",16
"practition",16
"refer",16
"scientif",16
"signific",16
"valid",16
"encourag",16
"leadership",16
"opportun",16
"solv",16
"arenxt",16
"entrepreneur",16
"frame",16
"guy",16
"insight",16
"wrote",16
"came",16
"comment",16
"compendium",16
"histori",16
"later",16
"play",16
"task",16
"negat",16
"client",16
"scapegoat",16
"xthatx",16
"accept",15
"appli",15
"appreci",15
"contrast",15
"convent",15
"goe",15
"major",15
"next",15
"role",15
"section",15
"strateg",15
"subject",15
"togeth",15
"via",15
"xthe",15
"quot",15
"innov",15
"list",15
"reduc",15
"report",15
"train",15
"act",15
"avoid",15
"behind",15
"display",15
"rational",15
"sharepoint",15
"unexpect",15
"recommend",15
"xwhat",15
"shift",15
"sort",15
"editorx",15
"influenc",15
"artifact",15
"anomali",15
"affect",14
"agre",14
"basic",14
"entitl",14
"fix",14
"rare",14
"rate",14
"serv",14
"show",14
"step",14
"thus",14
"univers",14
"vendor",14
"evolv",14
"norm",14
"qualiti",14
"strategi",14
"trust",14
"canxt",14
"ensur",14
"head",14
"improvis",14
"known",14
"link",14
"measur",14
"secur",14
"still",14
"tackl",14
"program",14
"write",14
"ritual",14
"familiar",14
"almost",14
"workshop",14
"bring",13
"correct",13
"gather",13
"ignor",13
"learnt",13
"perceiv",13
"someon",13
"statement",13
"tradit",13
"worldview",13
"categori",13
"alreadi",13
"andor",13
"carri",13
"causal",13
"essenti",13
"isnxt",13
"member",13
"opinion",13
"advantag",13
"encount",13
"keep",13
"therex",13
"upfront",13
"various",13
"along",13
"content",13
"home",13
"left",13
"light",13
"minut",13
"conceptu",13
"maker",13
"mechanis",13
"mine",13
"style",13
"pmos",13
"polar",13
"access",12
"argu",12
"background",12
"communic",12
"conclus",12
"concret",12
"entiti",12
"explor",12
"inevit",12
"letx",12
"maintain",12
"nevertheless",12
"philosophi",12
"root",12
"store",12
"under",12
"advic",12
"culmse",12
"everi",12
"per",12
"worth",12
"acknowledg",12
"decid",12
"driven",12
"engin",12
"intent",12
"mechan",12
"neil",12
"old",12
"outsourc",12
"potenti",12
"precis",12
"realiz",12
"thank",12
"unfortun",12
"xand",12
"connect",12
"feel",12
"gain",12
"mind",12
"somewhat",12
"told",12
"wonxt",12
"knew",12
"senior",12
"predict",12
"non",12
"doesnxt",12
"ixd",12
"stuff",12
"didnxt",12
"pmo",12
"aris",11
"comput",11
"consensus",11
"correspond",11
"disciplin",11
"exercis",11
"gap",11
"highlight",11
"interact",11
"invari",11
"name",11
"necessarili",11
"reader",11
"record",11
"seek",11
"guid",11
"immedi",11
"industri",11
"theme",11
"among",11
"avail",11
"beyond",11
"friend",11
"front",11
"ironi",11
"noth",11
"onex",11
"top",11
"infrastructur",11
"select",11
"exact",11
"laugh",11
"physic",11
"superfici",11
"attitud",11
"either",11
"matur",11
"xwell",11
"youxv",11
"analys",11
"speed",11
"akin",10
"anyth",10
"belief",10
"capabl",10
"class",10
"debat",10
"dimens",10
"establish",10
"fit",10
"law",10
"parti",10
"particip",10
"previous",10
"represent",10
"summaris",10
"blame",10
"fair",10
"leader",10
"meet",10
"notic",10
"agil",10
"characterist",10
"coin",10
"concept",10
"constraint",10
"current",10
"guidelin",10
"necessari",10
"rittel",10
"seri",10
"week",10
"seam",10
"essenc",10
"staff",10
"rememb",10
"guess",10
"got",10
"resolv",10
"troubl",10
"togaf",10
"heidegg",10
"abstract",9
"account",9
"appar",9
"attent",9
"autom",9
"bias",9
"blog",9
"conflict",9
"domin",9
"everyon",9
"form",9
"former",9
"kpis",9
"locat",9
"multipl",9
"purpos",9
"regular",9
"reveal",9
"scienc",9
"sound",9
"spectrum",9
"suppos",9
"whatev",9
"allow",9
"behaviour",9
"challeng",9
"ground",9
"increment",9
"led",9
"navig",9
"poor",9
"stand",9
"cope",9
"impos",9
"interview",9
"lesson",9
"platform",9
"run",9
"strong",9
"break",9
"committe",9
"nice",9
"respond",9
"student",9
"whatx",9
"wonder",9
"due",9
"deep",9
"took",9
"special",9
"deontic",9
"narrat",9
"spend",9
"basi",9
"flaw",9
"watson",9
"youx",9
"xbut",9
"doubt",8
"formal",8
"inadequ",8
"languag",8
"manageri",8
"reach",8
"sale",8
"symbol",8
"virtu",8
"commit",8
"easier",8
"eventu",8
"forc",8
"hackman",8
"miss",8
"organationx",8
"transform",8
"capac",8
"chanc",8
"cloud",8
"coher",8
"craft",8
"local",8
"manner",8
"occurr",8
"paradox",8
"polici",8
"primarili",8
"resili",8
"school",8
"session",8
"stop",8
"summar",8
"topic",8
"understood",8
"version",8
"wisdom",8
"artefact",8
"cover",8
"kunz",8
"rang",8
"sell",8
"tag",8
"titl",8
"went",8
"workx",8
"felt",8
"mode",8
"adjust",8
"alon",8
"align",8
"switch",8
"loss",8
"psycholog",8
"psychologist",8
"western",8
"xixm",8
"xyou",8
"stay",8
"vision",8
"worri",8
"near",8
"holmesx",8
"xye",8
"heresi",8
"raw",8
"postmodern",8
"accur",7
"apart",7
"brilliant",7
"communiti",7
"convinc",7
"effici",7
"emphasis",7
"eye",7
"formul",7
"indic",7
"iter",7
"kpi",7
"lose",7
"outsid",7
"pictur",7
"regard",7
"sensibl",7
"shall",7
"correl",7
"financi",7
"five",7
"fundament",7
"held",7
"ideal",7
"manifest",7
"neutral",7
"outlin",7
"separ",7
"walk",7
"wish",7
"adequ",7
"adopt",7
"anxieti",7
"expens",7
"fashion",7
"feedback",7
"higher",7
"inspir",7
"length",7
"longer",7
"materi",7
"mental",7
"messag",7
"mistak",7
"pleas",7
"publish",7
"review",7
"scope",7
"summari",7
"treat",7
"amount",7
"cognit",7
"conklin",7
"descript",7
"difficulti",7
"full",7
"jeff",7
"rais",7
"seven",7
"sign",7
"sit",7
"unlik",7
"colleagu",7
"half",7
"miner",7
"novel",7
"prone",7
"receiv",7
"uncertain",7
"everyth",7
"host",7
"restructur",7
"speak",7
"unchang",7
"messi",7
"prescript",7
"standardis",7
"broad",7
"comfort",7
"danger",7
"diagnosi",7
"wexr",7
"criteria",7
"hour",7
"mex",7
"scenario",7
"equip",7
"diagon",7
"classif",7
"agent",7
"alvesson",7
"repli",7
"smile",7
"statist",7
"readi",7
"apparit",7
"bradley",7
"affair",6
"art",6
"briefli",6
"choos",6
"drive",6
"extens",6
"hope",6
"impress",6
"metaphor",6
"mutual",6
"oppos",6
"perfect",6
"philosoph",6
"popular",6
"problemat",6
"profess",6
"properti",6
"reconcil",6
"remind",6
"rep",6
"serious",6
"tacit",6
"trace",6
"varieti",6
"whose",6
"visual",6
"arriv",6
"chapter",6
"clariti",6
"coach",6
"constitut",6
"foster",6
"hereticx",6
"hero",6
"integr",6
"man",6
"prescrib",6
"pressur",6
"resourc",6
"rhetor",6
"rise",6
"size",6
"xtthe",6
"advertis",6
"budget",6
"complic",6
"confus",6
"distinct",6
"distinguish",6
"educ",6
"forego",6
"month",6
"rest",6
"servic",6
"versus",6
"academ",6
"anyon",6
"click",6
"coordin",6
"databas",6
"dealt",6
"evid",6
"forward",6
"frequent",6
"gibi",6
"larger",6
"media",6
"pay",6
"primari",6
"resolut",6
"save",6
"site",6
"sourc",6
"centuri",6
"coal",6
"enforc",6
"equal",6
"except",6
"fall",6
"late",6
"pick",6
"scale",6
"six",6
"trend",6
"workplac",6
"deliv",6
"unforeseen",6
"extern",6
"iron",6
"els",6
"hole",6
"brain",6
"desk",6
"experienc",6
"honest",6
"nail",6
"proceed",6
"soft",6
"spent",6
"xit",6
"zone",6
"recogn",6
"symptom",6
"classifi",6
"typolog",6
"broker",6
"care",6
"esoter",6
"johansson",6
"remark",6
"shortcom",6
"xbest",6
"central",6
"impli",6
"ritualis",6
"util",6
"evalu",6
"conscienc",6
"chair",6
"survey",6
"watsonx",6
"cthe",6
"emphas",6
"profx",6
"authent",6
"writer",6
"drechsler",6
"eriksen",6
"chosen",5
"commerci",5
"contain",5
"contest",5
"contradictori",5
"enhanc",5
"expend",5
"free",5
"guarante",5
"haberma",5
"ill",5
"incorpor",5
"motiv",5
"negoti",5
"network",5
"opposit",5
"paid",5
"paus",5
"radic",5
"recal",5
"socio",5
"theoret",5
"thow",5
"wikipedia",5
"addit",5
"assembl",5
"assign",5
"compani",5
"earn",5
"hackmanx",5
"low",5
"pre",5
"programm",5
"settl",5
"advers",5
"antifragil",5
"articul",5
"comprehens",5
"conclud",5
"converg",5
"gone",5
"hint",5
"land",5
"love",5
"market",5
"minim",5
"neither",5
"path",5
"percept",5
"replac",5
"specifi",5
"taught",5
"unfold",5
"von",5
"xah",5
"advanc",5
"anecdot",5
"bunch",5
"con",5
"contextu",5
"cooper",5
"exagger",5
"excel",5
"game",5
"intranet",5
"introduc",5
"loux",5
"meaning",5
"meant",5
"memori",5
"page",5
"phase",5
"prove",5
"public",5
"questmap",5
"rapid",5
"spoke",5
"subsequ",5
"today",5
"coalfac",5
"compar",5
"demonstr",5
"liter",5
"mid",5
"moral",5
"suffer",5
"admit",5
"beer",5
"mistaken",5
"ongo",5
"onlin",5
"handl",5
"absolut",5
"bad",5
"forth",5
"hear",5
"hierarchi",5
"intervent",5
"invit",5
"latent",5
"laughter",5
"rocket",5
"strike",5
"trigger",5
"xitx",5
"herex",5
"sensit",5
"suit",5
"tabl",5
"teach",5
"upon",5
"wexll",5
"generalis",5
"experiment",5
"inher",5
"reckon",5
"sever",5
"wors",5
"worthi",5
"henc",5
"quadrant",5
"subset",5
"embodi",5
"portray",5
"practicex",5
"lifecycl",5
"managementx",5
"dead",5
"mainfram",5
"xlet",5
"prior",5
"sponsorship",5
"impact",5
"suspect",5
"doppelgang",5
"travel",5
"johnson",5
"cartesian",5
"einstein",5
"bowl",5
"rotten",5
"bateson",5
"agreement",4
"analyst",4
"becam",4
"bodi",4
"closer",4
"compromis",4
"deem",4
"depict",4
"disagre",4
"discours",4
"escap",4
"especi",4
"famili",4
"field",4
"greater",4
"heinz",4
"incomplet",4
"invent",4
"pose",4
"presum",4
"rightx",4
"straightforward",4
"surfac",4
"transfer",4
"twhat",4
"absorb",4
"accompani",4
"boundari",4
"confid",4
"environment",4
"imag",4
"institut",4
"modern",4
"overcom",4
"pursu",4
"safe",4
"subtl",4
"target",4
"adapt",4
"buzzword",4
"clarifi",4
"constrain",4
"conting",4
"crisi",4
"david",4
"demand",4
"drawn",4
"enter",4
"erp",4
"explicit",4
"fabl",4
"fill",4
"gate",4
"happi",4
"harder",4
"horst",4
"john",4
"money",4
"otherwis",4
"ponder",4
"preston",4
"salient",4
"spare",4
"submit",4
"test",4
"anticip",4
"attach",4
"brought",4
"center",4
"confront",4
"decad",4
"defens",4
"earliest",4
"embed",4
"expertis",4
"extend",4
"forese",4
"grammar",4
"lou",4
"manual",4
"master",4
"overal",4
"paraphras",4
"pros",4
"queri",4
"rittelx",4
"shown",4
"sigma",4
"sum",4
"sustain",4
"tfor",4
"thisx",4
"tsee",4
"virtual",4
"xtan",4
"alloc",4
"autonom",4
"bamforth",4
"board",4
"bureaucrat",4
"easili",4
"everyday",4
"finish",4
"haighmoor",4
"labour",4
"mate",4
"produc",4
"remov",4
"sociotechn",4
"tavistock",4
"total",4
"trist",4
"underground",4
"war",4
"workgroup",4
"dramat",4
"imagin",4
"instanc",4
"period",4
"actor",4
"contrari",4
"drift",4
"entail",4
"foreseen",4
"fraction",4
"hidden",4
"hous",4
"machin",4
"orient",4
"othersx",4
"puzzl",4
"slow",4
"aboutx",4
"archetyp",4
"catch",4
"chat",4
"deepli",4
"empir",4
"foerster",4
"sox",4
"steer",4
"trade",4
"unintend",4
"xyeah",4
"air",4
"audienc",4
"box",4
"code",4
"discourag",4
"donex",4
"elimin",4
"espous",4
"folk",4
"genuin",4
"heard",4
"inventor",4
"night",4
"nowx",4
"pain",4
"past",4
"phrase",4
"reli",4
"room",4
"safeti",4
"sponsor",4
"theyxr",4
"third",4
"toler",4
"xso",4
"regardless",4
"undecid",4
"contradict",4
"corner",4
"schon",4
"devis",4
"unawar",4
"unusu",4
"add",4
"altogeth",4
"anti",4
"pro",4
"trader",4
"over",4
"unit",4
"actant",4
"checklist",4
"conscious",4
"input",4
"modifi",4
"mundan",4
"chees",4
"swiss",4
"unsaf",4
"bigger",4
"trivial",4
"xyouxr",4
"facet",4
"pertain",4
"coffe",4
"doubl",4
"none",4
"normal",4
"desir",4
"asset",4
"attend",4
"customari",4
"enumer",4
"savag",4
"savagex",4
"afield",3
"assert",3
"beg",3
"behold",3
"cast",3
"chronic",3
"criterion",3
"deconstruct",3
"deliber",3
"democraci",3
"elicit",3
"excerpt",3
"express",3
"forgotten",3
"habermasx",3
"inclin",3
"judg",3
"klein",3
"lyytinen",3
"movement",3
"newli",3
"odd",3
"overrid",3
"oversight",3
"peter",3
"preced",3
"proper",3
"purchas",3
"sole",3
"tie",3
"warehous",3
"xis",3
"xobject",3
"bake",3
"lost",3
"advoc",3
"biggest",3
"cent",3
"contenti",3
"credit",3
"cross",3
"divis",3
"dynam",3
"entertain",3
"exhibit",3
"exhort",3
"fear",3
"forti",3
"mentor",3
"mere",3
"reiter",3
"reward",3
"richard",3
"specialis",3
"suppress",3
"teamx",3
"throughout",3
"transpar",3
"truli",3
"arguabl",3
"behavior",3
"cavallo",3
"complianc",3
"contract",3
"culturex",3
"distribut",3
"diverg",3
"fine",3
"grow",3
"incorrect",3
"inthi",3
"irrit",3
"kay",3
"managerx",3
"mix",3
"overview",3
"patient",3
"paulx",3
"personx",3
"phone",3
"realist",3
"respect",3
"retrospect",3
"robust",3
"spirit",3
"stage",3
"status",3
"tare",3
"uncontrol",3
"wait",3
"xright",3
"xtuncertainti",3
"agenc",3
"aid",3
"arrow",3
"asid",3
"aspir",3
"blind",3
"circumst",3
"core",3
"earth",3
"eleg",3
"extent",3
"feasibl",3
"graphic",3
"identif",3
"incred",3
"legal",3
"leverag",3
"listen",3
"mark",3
"met",3
"microsoft",3
"otherx",3
"overhead",3
"paradigm",3
"persist",3
"profil",3
"promot",3
"questionsx",3
"revis",3
"slide",3
"teacher",3
"unknown",3
"unless",3
"visit",3
"whiteboard",3
"widespread",3
"workaround",3
"xno",3
"xsolutionx",3
"arrang",3
"began",3
"bound",3
"ciborra",3
"competit",3
"compos",3
"cycl",3
"employ",3
"price",3
"reliabl",3
"scapego",3
"supervis",3
"welcom",3
"worker",3
"bear",3
"motion",3
"newtonx",3
"physicist",3
"preach",3
"refus",3
"shake",3
"snapshot",3
"spacecraft",3
"static",3
"tentat",3
"territori",3
"googl",3
"ident",3
"interfac",3
"react",3
"charact",3
"compon",3
"conveni",3
"countertransfer",3
"crop",3
"crowd",3
"delib",3
"emot",3
"explan",3
"famous",3
"filter",3
"flight",3
"health",3
"instal",3
"jame",3
"linear",3
"middl",3
"peer",3
"perth",3
"predomin",3
"quick",3
"reinforc",3
"ring",3
"road",3
"sector",3
"strang",3
"succeed",3
"xhow",3
"beauti",3
"blanket",3
"boil",3
"circl",3
"copi",3
"curious",3
"damn",3
"date",3
"diagram",3
"divid",3
"dox",3
"eat",3
"edit",3
"forget",3
"gentl",3
"gig",3
"grappl",3
"hang",3
"hell",3
"mission",3
"moment",3
"morn",3
"portal",3
"prepar",3
"projectx",3
"push",3
"recept",3
"retir",3
"saw",3
"smaller",3
"solicit",3
"struggl",3
"themx",3
"timex",3
"unpack",3
"wayx",3
"wexv",3
"wit",3
"xas",3
"xif",3
"artist",3
"lean",3
"scientist",3
"stereotyp",3
"analyz",3
"compet",3
"epistemolog",3
"pmbok",3
"rigid",3
"ship",3
"spot",3
"squar",3
"strap",3
"ubiqu",3
"bottom",3
"caught",3
"optimist",3
"wellx",3
"camp",3
"duplic",3
"extrem",3
"hire",3
"reduct",3
"self",3
"supplier",3
"vari",3
"blueprint",3
"deeper",3
"label",3
"substanc",3
"thorough",3
"crux",3
"customis",3
"feldman",3
"foundat",3
"fruit",3
"misunderstood",3
"pentland",3
"resist",3
"alarm",3
"cite",3
"layer",3
"reaction",3
"wider",3
"digest",3
"lord",3
"pmox",3
"resembl",3
"shook",3
"unduli",3
"xxbut",3
"baker",3
"dinner",3
"fantasi",3
"nonsensex",3
"sad",3
"seldom",3
"struck",3
"xok",3
"xthat",3
"cut",3
"sampl",3
"bloomberg",3
"variabl",3
"allx",3
"arex",3
"couldnxt",3
"multin",3
"spoken",3
"stain",3
"tome",3
"voic",3
"wrist",3
"xpardon",3
"grass",3
"barber",3
"lower",3
"pseudo",3
"suscept",3
"downsid",3
"oscil",3
"subsidiari",3
"tailor",3
"car",3
"electromagnet",3
"entrepreneuri",3
"gloss",3
"heideggerx",3
"histor",3
"maxwel",3
"newton",3
"aforement",3
"omelet",3
"sixth",3
"gregori",3
"leisur",3
"xta",3
"agenda",2
"algorithm",2
"analog",2
"apt",2
"blood",2
"consensu",2
"delv",2
"democrat",2
"energi",2
"enquir",2
"enquiri",2
"fulli",2
"fuse",2
"german",2
"groupx",2
"ilk",2
"juergen",2
"legitim",2
"patienc",2
"premis",2
"purview",2
"realityx",2
"releg",2
"richer",2
"rigor",2
"rigour",2
"stake",2
"synthesi",2
"systemat",2
"theorist",2
"uncov",2
"usersx",2
"vehicl",2
"volum",2
"xcommentsx",2
"xnotesx",2
"xwinsx",2
"essay",2
"shum",2
"xwhen",2
"autonomi",2
"bonus",2
"burgeon",2
"cloth",2
"conduc",2
"contextx",2
"dollar",2
"doublespeak",2
"finger",2
"fuel",2
"gamex",2
"inclus",2
"interdepend",2
"intract",2
"launch",2
"multi",2
"music",2
"recognis",2
"recognit",2
"reluct",2
"season",2
"shout",2
"simplifi",2
"sophist",2
"stark",2
"super",2
"thrive",2
"vex",2
"wageman",2
"wave",2
"worst",2
"xrightx",2
"advisori",2
"allud",2
"answerx",2
"bill",2
"borrow",2
"breakthrough",2
"broaden",2
"clarif",2
"compli",2
"couch",2
"degre",2
"developmentx",2
"disappoint",2
"disast",2
"distant",2
"economist",2
"elsewher",2
"evidenc",2
"exhaust",2
"fragil",2
"fraught",2
"imper",2
"indirect",2
"isxwel",2
"iterativeincrement",2
"laid",2
"liabl",2
"lowest",2
"nobodi",2
"oil",2
"reform",2
"regim",2
"scrutini",2
"shortcut",2
"shot",2
"snake",2
"straight",2
"strength",2
"strive",2
"thinker",2
"tragedi",2
"tthat",2
"ultim",2
"wicked",2
"xbetterx",2
"xexpertx",2
"adversari",2
"amongst",2
"app",2
"audio",2
"audiovideo",2
"beta",2
"bridg",2
"bulbx",2
"buy",2
"campus",2
"centr",2
"cfrom",2
"chris",2
"computer",2
"confer",2
"dedic",2
"denot",2
"desktop",2
"directori",2
"disclosur",2
"disput",2
"drill",2
"environmentx",2
"excit",2
"fast",2
"fed",2
"fig",2
"foreshadow",2
"forest",2
"glanc",2
"graph",2
"green",2
"groupwar",2
"hierarch",2
"hypertext",2
"infer",2
"intellectu",2
"intuit",2
"joint",2
"judgment",2
"keyword",2
"loui",2
"metadata",2
"novic",2
"obtain",2
"ofx",2
"partial",2
"problemx",2
"pronounc",2
"prototyp",2
"renew",2
"repertoir",2
"revisit",2
"ride",2
"searchabl",2
"segment",2
"sic",2
"sub",2
"swim",2
"targument",2
"tens",2
"thoma",2
"tissu",2
"tomich",2
"tour",2
"tox",2
"transcript",2
"tree",2
"tthere",2
"watch",2
"web",2
"websit",2
"werner",2
"window",2
"won",2
"xlight",2
"xwhatx",2
"absente",2
"accid",2
"attract",2
"averag",2
"born",2
"british",2
"bureaucraci",2
"claudio",2
"delay",2
"era",2
"evolut",2
"extract",2
"fellow",2
"infrequ",2
"kept",2
"match",2
"men",2
"monitor",2
"nation",2
"nationalis",2
"news",2
"phenomenon",2
"postgradu",2
"reorgan",2
"reput",2
"rife",2
"stress",2
"tristx",2
"unsuit",2
"unsurpris",2
"werenxt",2
"workmat",2
"xbb",2
"cash",2
"ceo",2
"chargex",2
"conced",2
"constant",2
"contemporari",2
"dear",2
"envis",2
"essencex",2
"hate",2
"hello",2
"heraclitian",2
"proven",2
"spell",2
"twentieth",2
"underli",2
"vol",2
"wash",2
"worldx",2
"wrought",2
"xunchang",2
"ander",2
"assur",2
"collag",2
"conform",2
"contribut",2
"devic",2
"envisag",2
"favour",2
"grandios",2
"growth",2
"hack",2
"itil",2
"patch",2
"scholar",2
"stumbl",2
"tame",2
"tcost",2
"trip",2
"unpredict",2
"violat",2
"alleg",2
"answersx",2
"appeal",2
"australia",2
"breakdown",2
"catastroph",2
"chord",2
"clinic",2
"cmake",2
"cybernet",2
"cyberneticist",2
"damag",2
"daniel",2
"diagnost",2
"dialog",2
"drop",2
"evolutionari",2
"exclus",2
"fault",2
"frontal",2
"frustrat",2
"heurist",2
"hillman",2
"ideolog",2
"incommensur",2
"interven",2
"judgement",2
"kailash",2
"kailashx",2
"kid",2
"meander",2
"multifacet",2
"overarch",2
"persona",2
"pleasur",2
"privat",2
"profit",2
"promin",2
"promis",2
"protect",2
"resort",2
"send",2
"sticki",2
"tight",2
"tune",2
"uncoupl",2
"underpin",2
"uneth",2
"unimport",2
"whateverx",2
"white",2
"xdid",2
"xhey",2
"xpush",2
"afternoon",2
"alright",2
"anyway",2
"brainersx",2
"bucket",2
"card",2
"chase",2
"choo",2
"complain",2
"elsex",2
"enjoy",2
"exchang",2
"excus",2
"fascin",2
"fli",2
"flick",2
"gear",2
"generic",2
"handi",2
"hindsight",2
"hippi",2
"immers",2
"implicit",2
"journey",2
"kayx",2
"linkedin",2
"luck",2
"lucki",2
"mainstay",2
"mitig",2
"precursor",2
"print",2
"refram",2
"round",2
"sensex",2
"sheer",2
"sketch",2
"split",2
"synthesis",2
"terrif",2
"thread",2
"trial",2
"trick",2
"twenti",2
"urban",2
"urg",2
"wast",2
"wrap",2
"xgiven",2
"xoh",2
"xor",2
"youxll",2
"compel",2
"discover",2
"fals",2
"hide",2
"juggl",2
"strict",2
"universex",2
"xam",2
"artistri",2
"bok",2
"codifi",2
"discern",2
"exemplar",2
"highway",2
"instinct",2
"interestx",2
"investig",2
"maze",2
"overwork",2
"picket",2
"request",2
"stretch",2
"string",2
"textbook",2
"uncommon",2
"wooden",2
"xour",2
"chain",2
"connot",2
"counter",2
"crise",2
"gave",2
"greener",2
"texpect",2
"trajectori",2
"tunexpect",2
"uncertaintyxand",2
"upgrad",2
"vigil",2
"withdraw",2
"clientsx",2
"clientx",2
"guru",2
"hardest",2
"journal",2
"massiv",2
"overt",2
"oxford",2
"politician",2
"possess",2
"proactiv",2
"purveyor",2
"shoot",2
"signal",2
"sold",2
"text",2
"vanish",2
"xprocess",2
"adher",2
"forum",2
"handov",2
"loop",2
"safeguard",2
"shorn",2
"specul",2
"trequir",2
"whilst",2
"complement",2
"complementari",2
"encod",2
"incent",2
"independ",2
"migrat",2
"mindless",2
"misunderstand",2
"notwithstand",2
"ostens",2
"outreach",2
"sequenc",2
"standalon",2
"undesir",2
"unifi",2
"xwhyx",2
"yawn",2
"centralis",2
"defenc",2
"frontlin",2
"hinder",2
"inconsist",2
"laps",2
"medic",2
"oft",2
"paragraph",2
"pathogen",2
"prevent",2
"recur",2
"slice",2
"sllkc",2
"swamp",2
"throughx",2
"unaddress",2
"unrealist",2
"ado",2
"adventur",2
"arenxtx",2
"bemoan",2
"crimin",2
"csherlock",2
"dubious",2
"elementari",2
"enterprisex",2
"foreword",2
"malais",2
"merit",2
"mortem",2
"obviousx",2
"press",2
"return",2
"seex",2
"sherlock",2
"standish",2
"surmis",2
"termin",2
"tone",2
"upx",2
"wasnxt",2
"xinde",2
"claus",2
"dab",2
"dayx",2
"drama",2
"exploit",2
"expos",2
"fetish",2
"intrigu",2
"needx",2
"notx",2
"polic",2
"routinex",2
"sat",2
"street",2
"synonym",2
"tad",2
"talent",2
"xexcel",2
"xthey",2
"aka",2
"ambiti",2
"bowker",2
"boyd",2
"carex",2
"cook",2
"corollari",2
"crawford",2
"csix",2
"dataset",2
"detect",2
"embark",2
"examin",2
"extrapol",2
"harford",2
"harmon",2
"magazin",2
"obsolet",2
"oxymoron",2
"panacea",2
"practicesx",2
"tit",2
"umbrella",2
"wareh",2
"econom",2
"embrac",2
"frameworkx",2
"omit",2
"ralph",2
"upper",2
"xoutsourc",2
"zachman",2
"approvedx",2
"chino",2
"donxtx",2
"helpx",2
"hit",2
"immens",2
"interrupt",2
"matterx",2
"seat",2
"sprain",2
"stupid",2
"ten",2
"xhe",2
"xjudgementx",2
"xtell",2
"advis",2
"cafx",2
"door",2
"evoc",2
"hallway",2
"lectur",2
"mayb",2
"nighter",2
"scarc",2
"simplist",2
"smell",2
"unappreci",2
"unrecogn",2
"xall",2
"dysfunct",2
"estim",2
"likelihood",2
"nine",2
"riski",2
"sphere",2
"syndrom",2
"tom",2
"ambival",2
"anybodi",2
"bearer",2
"bold",2
"necess",2
"anteced",2
"champion",2
"clerk",2
"critiqu",2
"daili",2
"detach",2
"dispassion",2
"dive",2
"drucker",2
"garden",2
"heideggerean",2
"innovationx",2
"interrel",2
"maxwellx",2
"motionless",2
"ventur",2
"xsymptom",2
"climat",2
"factual",2
"quantit",2
"saucer",2
"somehow",2
"throw",2
"unambigu",2
"instructor",2
"introductori",2
"ivori",2
"tower",2
"communiqu",2
"decreas",2
"dictionari",2
"revv",2
"unstabl",2
"xflexibilityx",2
"acustom",1
"andaddress",1
"antiqu",1
"aristotl",1
"ascustom",1
"atx",1
"augment",1
"beforehand",1
"calcul",1
"cbeyond",1
"centric",1
"chen",1
"claimant",1
"comparison",1
"crm",1
"cumbersom",1
"datainform",1
"deliberationx",1
"diametr",1
"ensu",1
"entireti",1
"evermor",1
"falsiti",1
"flow",1
"greek",1
"hing",1
"huge",1
"iecollect",1
"insofar",1
"intersubject",1
"invalu",1
"jurgen",1
"kall",1
"lifeblood",1
"muddi",1
"ofent",1
"onus",1
"ownership",1
"pave",1
"plato",1
"puriti",1
"rationail",1
"refin",1
"restrict",1
"rightnessx",1
"shrift",1
"simplest",1
"simplex",1
"socrat",1
"supplement",1
"taint",1
"theprincipl",1
"thetruth",1
"tis",1
"togetherx",1
"uncontroversi",1
"undocu",1
"verif",1
"vessel",1
"warn",1
"wherein",1
"xbring",1
"xcorrectnessx",1
"xdebatex",1
"xdialoguex",1
"xfusex",1
"xrelev",1
"xtruthx",1
"xuniversex",1
"buckingham",1
"cbig",1
"eras",1
"itxx",1
"plot",1
"simon",1
"approxim",1
"artifici",1
"athlet",1
"autonomyxand",1
"baton",1
"believedxor",1
"belli",1
"buck",1
"causexeffect",1
"ccondit",1
"conduct",1
"conductor",1
"courag",1
"creativ",1
"culmseex",1
"cxos",1
"deliveri",1
"department",1
"detour",1
"directionx",1
"elus",1
"empathi",1
"ensembl",1
"exceed",1
"fire",1
"flip",1
"flourish",1
"grant",1
"homogen",1
"impart",1
"ineffect",1
"instruct",1
"intra",1
"leadershipxth",1
"limelight",1
"magic",1
"mandat",1
"mass",1
"membership",1
"modelsx",1
"par",1
"pin",1
"pitfal",1
"prioriti",1
"provenx",1
"redefin",1
"rein",1
"ruth",1
"sidelin",1
"sport",1
"stabil",1
"stabl",1
"straw",1
"tautonomi",1
"tcollabor",1
"teamsx",1
"teamwork",1
"teamworkx",1
"tear",1
"tempathi",1
"tendenc",1
"theleadership",1
"threat",1
"tide",1
"tinclus",1
"tinnov",1
"tpower",1
"translat",1
"ttranspar",1
"underway",1
"villain",1
"visibl",1
"wagemanx",1
"xscientif",1
"xtcoachingx",1
"xtcompel",1
"xtsupport",1
"xxgroup",1
"ace",1
"acya",1
"agilista",1
"anywher",1
"arbit",1
"arescapego",1
"articlesinterview",1
"assort",1
"attain",1
"bewar",1
"bidder",1
"bizarr",1
"buffett",1
"byproduct",1
"cameo",1
"cautionari",1
"cavallox",1
"cemerg",1
"checkbox",1
"clutch",1
"cynefin",1
"defineeffici",1
"devoid",1
"diktat",1
"disastr",1
"dislik",1
"dispens",1
"doom",1
"draft",1
"drown",1
"encapsul",1
"endeavour",1
"endx",1
"english",1
"entitledconfess",1
"epitom",1
"evangel",1
"expand",1
"foersterx",1
"fog",1
"gerald",1
"hibino",1
"hype",1
"indigen",1
"innumer",1
"letter",1
"liber",1
"marketplac",1
"midwif",1
"nadler",1
"narrow",1
"nextprincipl",1
"nichola",1
"nuanc",1
"offshor",1
"ofth",1
"ofwicked",1
"oner",1
"orenterpris",1
"penal",1
"platitudin",1
"pointless",1
"preclud",1
"pretens",1
"problemsxexpertis",1
"propag",1
"pull",1
"punish",1
"ream",1
"recip",1
"remaind",1
"reserv",1
"righteous",1
"salesperson",1
"script",1
"seed",1
"serendip",1
"serendipit",1
"shozo",1
"situationsxwhich",1
"snowdenx",1
"sop",1
"sow",1
"stone",1
"symmetri",1
"taleb",1
"tan",1
"tcould",1
"thave",1
"themicrosoft",1
"tiebreak",1
"town",1
"trickier",1
"unabl",1
"unattain",1
"understandx",1
"vogu",1
"voip",1
"wari",1
"warren",1
"win",1
"xcorrect",1
"xfront",1
"xread",1
"xworsex",1
"administr",1
"age",1
"aggreg",1
"ahypergraph",1
"altruist",1
"amazonx",1
"android",1
"anew",1
"archiv",1
"australian",1
"award",1
"backstori",1
"baltimorex",1
"begeman",1
"beginn",1
"berkeley",1
"bike",1
"blue",1
"breadcrumb",1
"brows",1
"bulb",1
"catalys",1
"changer",1
"children",1
"chow",1
"clip",1
"clunki",1
"collaborativedesign",1
"counterplay",1
"creation",1
"decisionx",1
"deck",1
"demo",1
"director",1
"disk",1
"documentalist",1
"download",1
"drone",1
"edg",1
"edison",1
"exert",1
"exploratori",1
"farm",1
"ffwd",1
"florida",1
"fluenci",1
"folder",1
"foresaw",1
"freewar",1
"government",1
"graduat",1
"grasp",1
"harm",1
"hood",1
"hook",1
"hypermedia",1
"icon",1
"ideasx",1
"impressivexw",1
"incess",1
"interconnect",1
"jealous",1
"jnr",1
"juli",1
"keynot",1
"keystrok",1
"librarian",1
"longstand",1
"mapper",1
"mapsx",1
"marketxand",1
"masteri",1
"mediat",1
"misinterpret",1
"mistakesxth",1
"moodl",1
"neighbour",1
"newer",1
"notabl",1
"oppon",1
"pertin",1
"phrasex",1
"planner",1
"positionx",1
"postfor",1
"postor",1
"predecessor",1
"preoccup",1
"prohibit",1
"prose",1
"qoc",1
"quaint",1
"red",1
"reformx",1
"reject",1
"remot",1
"repris",1
"retriev",1
"rew",1
"schedul",1
"showcas",1
"slideshar",1
"snippet",1
"solvingxor",1
"studentx",1
"subtop",1
"succinct",1
"supplementari",1
"surround",1
"tanoth",1
"tclassifi",1
"tdevelop",1
"teacherx",1
"tglyma",1
"tibi",1
"tidea",1
"tideasor",1
"tissuesor",1
"tmani",1
"tname",1
"toften",1
"track",1
"traction",1
"trail",1
"treatmentxx",1
"trelat",1
"trelev",1
"triall",1
"tteas",1
"unstructur",1
"updat",1
"uptim",1
"valuabl",1
"valuex",1
"vertic",1
"visualis",1
"warx",1
"whateverxand",1
"whenc",1
"xcontextu",1
"xglimmerx",1
"xglobalx",1
"xglymafiedx",1
"xinformationx",1
"xrespond",1
"xseex",1
"xtax",1
"xteveri",1
"xtintegr",1
"xtinvest",1
"xtio",1
"xtlearn",1
"xtmake",1
"xtrigger",1
"xtsilverlight",1
"xtstudent",1
"xtype",1
"xunderstand",1
"xurban",1
"xwhencex",1
"xxthe",1
"xxx",1
"yellow",1
"zulli",1
"atmospher",1
"attrit",1
"backdrop",1
"bargain",1
"bureaucratis",1
"civil",1
"clash",1
"coalfield",1
"composit",1
"compound",1
"disorgan",1
"disrupt",1
"echo",1
"eliminatedx",1
"eric",1
"everywher",1
"factori",1
"ford",1
"founder",1
"glare",1
"interchang",1
"ken",1
"marrow",1
"minimum",1
"older",1
"pit",1
"plagu",1
"recaptur",1
"recount",1
"referenc",1
"regul",1
"subdivid",1
"supervisor",1
"supervisorsx",1
"supervisorx",1
"supportxther",1
"surviv",1
"taylor",1
"trustworthi",1
"viabl",1
"wage",1
"workerx",1
"workxcycl",1
"xbureaucraticx",1
"yorkshir",1
"actuallyxbut",1
"admiss",1
"ahead",1
"beneath",1
"calculus",1
"categor",1
"channel",1
"cheraclitus",1
"convert",1
"copernicus",1
"culpabliss",1
"etern",1
"figment",1
"gravit",1
"gravityi",1
"hmmxi",1
"httprdspringercomarticlebf",1
"incrementalxor",1
"inquiri",1
"manufactur",1
"metalogu",1
"millennia",1
"minor",1
"painstak",1
"penuri",1
"physicsxbut",1
"ptolemi",1
"quo",1
"rebutt",1
"recant",1
"replet",1
"seduc",1
"solar",1
"stafford",1
"unanticip",1
"uniti",1
"viewsx",1
"xessentiallyx",1
"xlawsx",1
"xminor",1
"xorgan",1
"xsocieti",1
"xstafford",1
"xthemselv",1
"yesx",1
"zeno",1
"approachesxirrespect",1
"arrest",1
"automat",1
"bed",1
"beli",1
"cironi",1
"crucial",1
"eager",1
"electr",1
"expans",1
"explos",1
"fee",1
"heterogen",1
"howeverx",1
"imposit",1
"incur",1
"infrastructuressystem",1
"infrastuctur",1
"interweav",1
"intricaci",1
"jensen",1
"mainten",1
"monolith",1
"nullifi",1
"ofenterpris",1
"papersuggest",1
"parent",1
"plethora",1
"profound",1
"random",1
"sap",1
"sensexbut",1
"shortlist",1
"sour",1
"span",1
"tbargain",1
"thirti",1
"transact",1
"tsearch",1
"underestim",1
"unwieldi",1
"verifi",1
"waud",1
"xenterprisex",1
"xstandardisedx",1
"accuratex",1
"acquiesc",1
"addam",1
"againxhop",1
"albeit",1
"allianc",1
"ancient",1
"apartx",1
"behav",1
"beingsxand",1
"betray",1
"billion",1
"biodivers",1
"bradi",1
"brutusx",1
"budgetxbut",1
"butemerg",1
"caesarx",1
"carnabi",1
"changexand",1
"charg",1
"circuitingx",1
"cockatoo",1
"cogniz",1
"commensur",1
"consequencesxand",1
"council",1
"counterpart",1
"depth",1
"devolv",1
"discretionari",1
"east",1
"eastern",1
"editorsx",1
"email",1
"enact",1
"envelopex",1
"fifti",1
"fixat",1
"followership",1
"freedom",1
"goos",1
"graeco",1
"greasex",1
"guest",1
"guyxh",1
"habitat",1
"headx",1
"heat",1
"heroic",1
"hmm",1
"homer",1
"iliad",1
"incis",1
"indeedxand",1
"interestingxixd",1
"interventionist",1
"intp",1
"inxxbut",1
"itxwhich",1
"kick",1
"latch",1
"leaderx",1
"likexand",1
"load",1
"loos",1
"loudest",1
"masterclass",1
"moon",1
"motivationx",1
"movi",1
"nest",1
"odyssey",1
"ofdelib",1
"onxand",1
"org",1
"ourselvesx",1
"overshadow",1
"pass",1
"pathx",1
"pink",1
"powerxand",1
"psychiatri",1
"psychologistx",1
"psychologistxwhat",1
"psychometr",1
"radio",1
"rationalityxand",1
"regist",1
"reson",1
"responsiblex",1
"revert",1
"roman",1
"satisfactori",1
"scapegoatx",1
"singapor",1
"slay",1
"star",1
"stickyxthat",1
"subordin",1
"tail",1
"talebx",1
"theyxll",1
"todayx",1
"trump",1
"unbias",1
"uncanni",1
"uptak",1
"wheel",1
"workxand",1
"xet",1
"xethicalx",1
"xheroesx",1
"xiniti",1
"xmake",1
"xmean",1
"xnegativex",1
"xshort",1
"xsqueaki",1
"xwho",1
"xwhox",1
"xxso",1
"absolutelyxand",1
"afloat",1
"aha",1
"announc",1
"apolog",1
"asharepoint",1
"beggar",1
"bellxan",1
"bex",1
"bird",1
"boardroom",1
"bower",1
"brainless",1
"butt",1
"career",1
"cheer",1
"cherri",1
"chest",1
"coda",1
"compress",1
"conklinx",1
"conquer",1
"conversationsx",1
"cooler",1
"crass",1
"curriculum",1
"cutterx",1
"daunt",1
"deadlock",1
"delphi",1
"deserv",1
"distract",1
"documentationx",1
"dress",1
"endless",1
"epic",1
"etcxput",1
"everybodi",1
"evil",1
"feed",1
"feeli",1
"fest",1
"flipchart",1
"fortun",1
"freebi",1
"gamestorm",1
"glad",1
"glymaxand",1
"gold",1
"gox",1
"grad",1
"guis",1
"happinessx",1
"hat",1
"hindranc",1
"holist",1
"homework",1
"httpkpilibrarycom",1
"ideax",1
"impract",1
"incident",1
"interestingxbut",1
"itselfx",1
"jeffx",1
"justit",1
"librari",1
"lookout",1
"mappingx",1
"metric",1
"mire",1
"neglect",1
"neuroscientist",1
"nowaday",1
"nudg",1
"nutshel",1
"obliquex",1
"ofdialogu",1
"onx",1
"organationsxor",1
"outfit",1
"output",1
"parabl",1
"peoplexand",1
"petardx",1
"phasex",1
"photoshop",1
"pitchx",1
"plenti",1
"pop",1
"preset",1
"prioritis",1
"processesxa",1
"procur",1
"professor",1
"pub",1
"pun",1
"pure",1
"readinglisten",1
"reflectionsxand",1
"reminisc",1
"resurrect",1
"retirementx",1
"rightxand",1
"roadblock",1
"robin",1
"safer",1
"scare",1
"scari",1
"sent",1
"shire",1
"simpler",1
"sink",1
"situationx",1
"sleight",1
"slight",1
"sneaki",1
"somethingx",1
"soon",1
"spark",1
"specialti",1
"spectrumxand",1
"spoon",1
"stack",1
"stagger",1
"stalk",1
"statedxand",1
"stopx",1
"storyx",1
"stuffx",1
"subtleti",1
"successor",1
"successx",1
"suck",1
"swig",1
"tack",1
"termleftright",1
"termx",1
"thatincreas",1
"thatquest",1
"thatxand",1
"thatxbut",1
"thatxwhich",1
"thecompendium",1
"themxtend",1
"thoughtxand",1
"tibetan",1
"timexsinc",1
"toolxi",1
"touchi",1
"trainx",1
"trash",1
"tremend",1
"uncomfort",1
"unfair",1
"unfamiliar",1
"unwritten",1
"versatil",1
"veteran",1
"veteranx",1
"videosx",1
"videoxhow",1
"viscer",1
"vivid",1
"wall",1
"water",1
"weird",1
"whyxbi",1
"wouldnxt",1
"xask",1
"xbetter",1
"xconceptu",1
"xcooki",1
"xelev",1
"xencyclopedia",1
"xglimmer",1
"xglyma",1
"xhang",1
"xhippiesx",1
"xhippiex",1
"xincreas",1
"xlaw",1
"xleft",1
"xless",1
"xlibraryx",1
"xlisten",1
"xman",1
"xmore",1
"xobliquex",1
"xphase",1
"xsee",1
"xseek",1
"xsell",1
"xstraight",1
"xtherex",1
"xwexll",1
"xwexr",1
"yeahxbut",1
"yep",1
"yield",1
"accus",1
"cobject",1
"criteriath",1
"deriv",1
"discov",1
"garb",1
"gross",1
"metaphys",1
"mirror",1
"objectivesubject",1
"objectivityxand",1
"overblown",1
"pair",1
"polymath",1
"predetermin",1
"rough",1
"snowx",1
"xfactsx",1
"acquir",1
"amen",1
"anchor",1
"areasx",1
"categoris",1
"diseas",1
"disturb",1
"donald",1
"episod",1
"hammer",1
"hone",1
"jumbl",1
"laboratori",1
"lump",1
"pace",1
"pad",1
"peculiar",1
"phenomena",1
"physician",1
"pour",1
"predica",1
"pretend",1
"prevail",1
"redress",1
"rehears",1
"resign",1
"rigidx",1
"schoen",1
"simul",1
"snap",1
"stick",1
"techniquesx",1
"thanhow",1
"transport",1
"tyou",1
"tyour",1
"urgent",1
"vagu",1
"wobbl",1
"xknowledg",1
"xriskx",1
"xtool",1
"yard",1
"atm",1
"baggag",1
"corgan",1
"corral",1
"cue",1
"denver",1
"empow",1
"engend",1
"entitledclu",1
"fiat",1
"improvisex",1
"intim",1
"intrins",1
"irrevoc",1
"merck",1
"nasti",1
"novelti",1
"overestim",1
"parlanc",1
"pastur",1
"preval",1
"processsuch",1
"render",1
"sensingx",1
"sentenc",1
"shapex",1
"sothes",1
"spontan",1
"surprisesx",1
"temporari",1
"theyk",1
"twist",1
"underscor",1
"vioxx",1
"xani",1
"xsurpris",1
"xtprocess",1
"amazon",1
"anomal",1
"black",1
"blackwel",1
"blend",1
"bullet",1
"citat",1
"clark",1
"consultantsx",1
"cprofession",1
"cursori",1
"declar",1
"doctorx",1
"ethnograph",1
"fincham",1
"float",1
"forgo",1
"gung",1
"hatchet",1
"indulg",1
"institution",1
"ipma",1
"jackallx",1
"johanssonx",1
"jungl",1
"lawyer",1
"layoff",1
"literatur",1
"mat",1
"messiah",1
"mingl",1
"occasion",1
"offensivex",1
"princ",1
"rightsiz",1
"robert",1
"selfless",1
"silver",1
"skillknowledg",1
"slip",1
"smesx",1
"societi",1
"tax",1
"technocrat",1
"threaten",1
"troublesom",1
"tuck",1
"violent",1
"virtuoso",1
"wild",1
"witch",1
"xefficiencyx",1
"xmanag",1
"xproductivityx",1
"xwork",1
"analyticallog",1
"arbitrari",1
"arbitraryx",1
"architectsdesign",1
"balanc",1
"belong",1
"bicker",1
"critual",1
"detriment",1
"distort",1
"enthusiast",1
"facad",1
"fief",1
"formula",1
"hijack",1
"incept",1
"irrat",1
"lock",1
"loyalti",1
"lynn",1
"manouev",1
"markus",1
"outrank",1
"partyx",1
"penchant",1
"player",1
"politick",1
"profici",1
"rank",1
"ritualsthat",1
"robey",1
"roll",1
"rollout",1
"signifi",1
"subvert",1
"summaryxand",1
"symbolis",1
"taffili",1
"tcognit",1
"tdesign",1
"tester",1
"tincent",1
"tincept",1
"tposit",1
"tprogram",1
"tprototyp",1
"trainer",1
"trollout",1
"truism",1
"tspecif",1
"tsteer",1
"tsystem",1
"ttechniqu",1
"ttest",1
"ttrain",1
"turf",1
"veneer",1
"waterfal",1
"xcommon",1
"actionxw",1
"actorsx",1
"actuallyinflu",1
"administ",1
"ampli",1
"authorx",1
"automata",1
"brian",1
"croutin",1
"decompos",1
"designerengin",1
"designerx",1
"disconnect",1
"drag",1
"enthusiasm",1
"faith",1
"feet",1
"flowchart",1
"folli",1
"grew",1
"grid",1
"idealis",1
"idiosyncrat",1
"invest",1
"invok",1
"licens",1
"martha",1
"materialview",1
"membersx",1
"mistakex",1
"myriad",1
"nearer",1
"newxth",1
"obstacl",1
"orchestra",1
"packag",1
"peoplex",1
"practis",1
"progress",1
"restat",1
"somewher",1
"somewherex",1
"spreadsheet",1
"stall",1
"strongest",1
"subscrib",1
"tconsid",1
"tencourag",1
"tip",1
"tkeepan",1
"tlock",1
"treinforc",1
"tunderstand",1
"tweak",1
"unheed",1
"unravel",1
"vain",1
"weakest",1
"worthwhil",1
"xcategori",1
"xdesignx",1
"xredesignx",1
"xtanalys",1
"xtgather",1
"xtimplement",1
"xtprovid",1
"xtrollout",1
"xxeven",1
"asystem",1
"breed",1
"causat",1
"chernobyl",1
"colloqui",1
"combat",1
"convenientx",1
"cscapegoat",1
"dormant",1
"drain",1
"duffield",1
"duke",1
"ephemer",1
"erstwhil",1
"faulti",1
"fromhttppatientsafetyedduhsdukeedumoduleeswisscheesehtml",1
"fund",1
"hospit",1
"hunt",1
"isol",1
"jon",1
"layerx",1
"medicin",1
"mess",1
"minimis",1
"mishap",1
"momentari",1
"mosquito",1
"nuclear",1
"occursxand",1
"plant",1
"reasonx",1
"remedi",1
"resid",1
"soviet",1
"swampx",1
"swat",1
"taccept",1
"tactiv",1
"tdeleg",1
"tdo",1
"temporarili",1
"tin",1
"tlatent",1
"tpractic",1
"traffic",1
"tstephen",1
"union",1
"unstat",1
"whitti",1
"xactiv",1
"xbi",1
"xblame",1
"xdefens",1
"xdrain",1
"xpass",1
"xpathogensx",1
"xreport",1
"aficionado",1
"afterword",1
"alacr",1
"allur",1
"april",1
"argumentsxor",1
"attentionxand",1
"baron",1
"behoov",1
"bid",1
"bloc",1
"breath",1
"causex",1
"chuckl",1
"column",1
"conan",1
"contempl",1
"controlx",1
"convey",1
"coursex",1
"credibl",1
"deeperx",1
"departur",1
"desper",1
"doyl",1
"dxetr",1
"engineerx",1
"evidencexfact",1
"exclaim",1
"farewel",1
"fitx",1
"foray",1
"friendship",1
"fulfil",1
"gartner",1
"hadnxt",1
"improb",1
"incontrovert",1
"interject",1
"kneejerk",1
"knowi",1
"loath",1
"lordstandish",1
"magnitud",1
"mckinsey",1
"meanx",1
"misdiagnos",1
"misl",1
"neck",1
"offhand",1
"overwhelm",1
"partx",1
"permit",1
"pet",1
"pilfer",1
"pmoxx",1
"poorxor",1
"processesx",1
"prompt",1
"proofx",1
"raison",1
"reactiv",1
"refut",1
"requirementsand",1
"requirementsxor",1
"sacrific",1
"sardon",1
"sayx",1
"sex",1
"shock",1
"simplic",1
"slowli",1
"soonx",1
"sorri",1
"specious",1
"spous",1
"stricter",1
"summer",1
"supportx",1
"suspici",1
"symptomat",1
"talex",1
"thumb",1
"tighten",1
"tsherlock",1
"unaccept",1
"undertook",1
"wore",1
"xdoe",1
"xexact",1
"xincontrovert",1
"xixll",1
"xmisl",1
"xthing",1
"xto",1
"xtypic",1
"xwhi",1
"abod",1
"abrupt",1
"affirm",1
"afraid",1
"againx",1
"ale",1
"amx",1
"apropo",1
"benefitxels",1
"blanketx",1
"bore",1
"charm",1
"child",1
"choke",1
"clock",1
"cock",1
"complaint",1
"condescend",1
"correctlyx",1
"curt",1
"deduct",1
"dessert",1
"dessertx",1
"disconcert",1
"evangelis",1
"everywherexa",1
"exasper",1
"excruci",1
"explainx",1
"eyebrow",1
"fame",1
"fanci",1
"fetch",1
"fete",1
"fetishesx",1
"fetishist",1
"firm",1
"flash",1
"fork",1
"groundsx",1
"headach",1
"heart",1
"hypothesi",1
"illus",1
"inquir",1
"insuffer",1
"interv",1
"isx",1
"kitchen",1
"likexor",1
"lucrat",1
"mdx",1
"modesti",1
"mouth",1
"mull",1
"napkin",1
"nox",1
"overse",1
"pardon",1
"perhapsxdid",1
"portent",1
"postmortem",1
"predictabilityx",1
"projectsx",1
"propens",1
"publicis",1
"publicx",1
"reinvent",1
"rose",1
"samex",1
"securityx",1
"sleep",1
"slim",1
"strangex",1
"surgeri",1
"suspens",1
"tale",1
"templat",1
"thingx",1
"timefram",1
"toy",1
"uncertaintyxeven",1
"undoubt",1
"utter",1
"wastellx",1
"wiredx",1
"xbrilliant",1
"xcapit",1
"xcomfort",1
"xhave",1
"xhmmmxthatx",1
"xhmmxx",1
"xmani",1
"xmay",1
"xnow",1
"xpmos",1
"xpossiblyx",1
"xresearch",1
"xthink",1
"xxand",1
"yesterdayxinde",1
"absurd",1
"accuraci",1
"acquaint",1
"anonym",1
"beprogram",1
"button",1
"cheerleadersx",1
"cio",1
"collector",1
"competitor",1
"controversi",1
"cumul",1
"danah",1
"differenti",1
"dilbert",1
"donxtxand",1
"downplay",1
"duli",1
"evangelist",1
"favourit",1
"flu",1
"fourth",1
"fret",1
"geoffrey",1
"hadoop",1
"hot",1
"hypothes",1
"indispens",1
"inventori",1
"kate",1
"logist",1
"mirag",1
"naxefv",1
"nosql",1
"ofrelev",1
"passx",1
"peddl",1
"provoc",1
"provok",1
"repositori",1
"shop",1
"somethingxand",1
"swallow",1
"tdata",1
"tenet",1
"teveri",1
"thenam",1
"theundercov",1
"tim",1
"transplant",1
"trumpet",1
"tscientif",1
"uncannili",1
"uncrit",1
"unprocess",1
"unquest",1
"usabl",1
"webopedia",1
"wholesal",1
"xbig",1
"xcook",1
"xcookedx",1
"xexpertsx",1
"xobjectivex",1
"xraw",1
"xrawx",1
"yardstick",1
"ackoff",1
"approv",1
"blamex",1
"blith",1
"boss",1
"brokenx",1
"disadvantag",1
"dose",1
"eas",1
"echelon",1
"extra",1
"forb",1
"heret",1
"hughesx",1
"influenti",1
"jason",1
"lazi",1
"off",1
"organationsx",1
"passag",1
"penalti",1
"prime",1
"privileg",1
"problemsxand",1
"referentialx",1
"reimburs",1
"roadmap",1
"russel",1
"satisfi",1
"shun",1
"surfeit",1
"tangibl",1
"tani",1
"taskxand",1
"tenterpris",1
"thinkingx",1
"throughput",1
"tincomplet",1
"trigid",1
"tstatic",1
"ttop",1
"undertak",1
"xcomplet",1
"xdeviationsx",1
"andxx",1
"architecturex",1
"asia",1
"bemus",1
"besid",1
"bestow",1
"blow",1
"blurt",1
"bother",1
"brand",1
"caveat",1
"clown",1
"comparisonx",1
"countri",1
"curs",1
"dilig",1
"dismiss",1
"doublex",1
"dri",1
"eight",1
"emphasi",1
"enunci",1
"europ",1
"explet",1
"fantast",1
"fieldx",1
"fond",1
"friendx",1
"funniest",1
"gaze",1
"gotten",1
"grab",1
"hatch",1
"havenxt",1
"hexd",1
"hogwash",1
"hundredx",1
"hurri",1
"impati",1
"impecc",1
"imperiouslyxbut",1
"inappropri",1
"ineffectu",1
"insist",1
"insult",1
"judgementx",1
"judgex",1
"jump",1
"keen",1
"knuckl",1
"lauren",1
"lesser",1
"lest",1
"lizx",1
"locatedx",1
"mal",1
"mexmost",1
"million",1
"minus",1
"mortal",1
"mug",1
"notch",1
"nub",1
"officex",1
"opinionsx",1
"pfftxjust",1
"possibilityx",1
"prank",1
"presumptu",1
"pride",1
"progeni",1
"proofread",1
"rap",1
"rememberx",1
"reportx",1
"responsibilityxx",1
"rude",1
"scene",1
"shirt",1
"shouldxv",1
"smartars",1
"solid",1
"soundx",1
"spat",1
"spoilt",1
"spread",1
"sputter",1
"squeak",1
"stupidx",1
"swear",1
"testili",1
"themselvesx",1
"theyx",1
"thicker",1
"throat",1
"tire",1
"toox",1
"twing",1
"unethicalx",1
"unseem",1
"unverifi",1
"upend",1
"wake",1
"wise",1
"xbahx",1
"xbecaus",1
"xdamnx",1
"xdo",1
"xdonxt",1
"xhmmm",1
"xix",1
"xixv",1
"xlookx",1
"xme",1
"xmoreov",1
"xover",1
"xpahx",1
"xthis",1
"xwhax",1
"xwtf",1
"yourx",1
"youtub",1
"youxwel",1
"fyingx",1
"realis",1
"reduxxon",1
"shortest",1
"videoscrib",1
"xvideo",1
"achievex",1
"amaz",1
"angl",1
"apologet",1
"arcan",1
"askx",1
"assail",1
"bar",1
"betterx",1
"billablexunlik",1
"bookshelf",1
"bothx",1
"burden",1
"cafe",1
"classroom",1
"cologn",1
"concludex",1
"considerx",1
"consultantx",1
"contestedxor",1
"crinkl",1
"crossroad",1
"discomfort",1
"exam",1
"faker",1
"feelx",1
"fold",1
"foreseenx",1
"friday",1
"futurex",1
"gestur",1
"grantsmanship",1
"gum",1
"harryx",1
"havex",1
"heap",1
"homecom",1
"hotshot",1
"huh",1
"illustri",1
"impuls",1
"insecur",1
"inx",1
"kill",1
"knock",1
"leavex",1
"lemon",1
"neat",1
"nod",1
"noticeboard",1
"offenc",1
"optionx",1
"pen",1
"permeat",1
"pile",1
"pilex",1
"pleasantri",1
"polish",1
"preoccupi",1
"princip",1
"quieter",1
"quitdonxt",1
"rapx",1
"resumex",1
"richx",1
"ruefulli",1
"shelf",1
"shoe",1
"silenc",1
"solvex",1
"spearmint",1
"stood",1
"stuck",1
"terriblex",1
"thenx",1
"thrust",1
"trademark",1
"truex",1
"unscath",1
"uselessxno",1
"vehement",1
"warm",1
"weekend",1
"willx",1
"xcome",1
"xhmmmx",1
"xin",1
"xjust",1
"xmi",1
"xprof",1
"xquitx",1
"xtake",1
"xuh",1
"yoursx",1
"adultsx",1
"assess",1
"barberx",1
"barrier",1
"chao",1
"decre",1
"demarco",1
"documentedxand",1
"freeli",1
"generatedor",1
"highest",1
"invers",1
"lister",1
"matrixorgan",1
"modul",1
"occupi",1
"pachyderm",1
"preexist",1
"proverbi",1
"qualit",1
"receivership",1
"risksxor",1
"shed",1
"smallest",1
"smooth",1
"tempt",1
"therein",1
"timothi",1
"tricki",1
"waltz",1
"weak",1
"weakneg",1
"xhiddenx",1
"xrisk",1
"xtinadequ",1
"xtresourc",1
"aretradit",1
"autonomouscentr",1
"bank",1
"barri",1
"crusad",1
"crusadersx",1
"deleg",1
"detractor",1
"discont",1
"financ",1
"fore",1
"inextric",1
"infin",1
"interwoven",1
"johnsonx",1
"louder",1
"merri",1
"otherxsx",1
"portfolio",1
"rudimentari",1
"rumbl",1
"rush",1
"strategicadvantag",1
"subsidiariesxand",1
"suffic",1
"takesxand",1
"tcentralis",1
"tension",1
"tplan",1
"unproven",1
"wax",1
"weaken",1
"xgrass",1
"xie",1
"xinform",1
"xlivingx",1
"xlosingx",1
"xresolvex",1
"ahistor",1
"albert",1
"anomaliesxand",1
"antithet",1
"approx",1
"attun",1
"authorsx",1
"barack",1
"bern",1
"bicycl",1
"biographi",1
"booksgurus",1
"clearer",1
"compris",1
"cryptic",1
"devot",1
"discontinu",1
"disharmoni",1
"einsteinian",1
"enterprisexthen",1
"followxth",1
"fresh",1
"georg",1
"ghostwrit",1
"gilder",1
"gurus",1
"habit",1
"hadbeen",1
"handmann",1
"hawk",1
"heideggerian",1
"humil",1
"instant",1
"kmsec",1
"landmark",1
"lay",1
"malfunct",1
"martin",1
"mindset",1
"monstrous",1
"obama",1
"oneself",1
"opportunitiesx",1
"overhyp",1
"overst",1
"overus",1
"patent",1
"peripher",1
"philanthropi",1
"portion",1
"postmodernist",1
"preserv",1
"propon",1
"quintessenti",1
"readabl",1
"religion",1
"settledxif",1
"sideshow",1
"stephen",1
"strand",1
"stylex",1
"substitut",1
"teinstein",1
"theoryx",1
"thepostmodern",1
"thesi",1
"treatment",1
"typesx",1
"unnatur",1
"unordinari",1
"vacuum",1
"venturex",1
"wiser",1
"xdiffer",1
"xeveri",1
"xfix",1
"xinvolvednessx",1
"xknow",1
"xout",1
"xskillx",1
"xspace",1
"xstylex",1
"xsymptomsx",1
"xtdisclos",1
"xtresolv",1
"absenc",1
"actionx",1
"appetit",1
"asymmetri",1
"bossx",1
"broken",1
"chose",1
"clump",1
"cognis",1
"cthree",1
"deni",1
"dreschsler",1
"endem",1
"grand",1
"inconveni",1
"leapx",1
"leonard",1
"lotteri",1
"mareil",1
"mathemat",1
"matrix",1
"maxim",1
"outcomesx",1
"parallel",1
"predat",1
"procrustean",1
"quantifi",1
"rarer",1
"realisedx",1
"sight",1
"situationsx",1
"spoil",1
"tempera",1
"theyxd",1
"uneasi",1
"winner",1
"xconsid",1
"xcross",1
"xlook",1
"zero",1
"alik",1
"aliv",1
"anthropologist",1
"block",1
"catalogu",1
"classmat",1
"cling",1
"coke",1
"commitmentx",1
"crash",1
"ctogaf",1
"dare",1
"dogma",1
"fifth",1
"global",1
"grailx",1
"grave",1
"heartburn",1
"inabl",1
"insensit",1
"item",1
"liven",1
"mar",1
"neednxt",1
"pepsi",1
"pharmaceut",1
"quirk",1
"retreat",1
"shape",1
"silent",1
"sleepless",1
"superb",1
"thereaft",1
"togafx",1
"variant",1
"vast",1
"wealth",1
"xholi",1
"xtailorx",1
"xwithout",1
"academia",1
"accommod",1
"bandi",1
"batesonian",1
"batesonx",1
"blur",1
"burnout",1
"changex",1
"cunderstand",1
"decept",1
"degrad",1
"depress",1
"dual",1
"ecolog",1
"empti",1
"encroach",1
"fragment",1
"fun",1
"fuzzi",1
"guidanc",1
"hungri",1
"inaccess",1
"incom",1
"jack",1
"jill",1
"jobsrol",1
"justifi",1
"lifestyl",1
"needless",1
"nois",1
"noun",1
"overnight",1
"perpetu",1
"prosper",1
"redeploy",1
"region",1
"scandinavia",1
"spatial",1
"synergi",1
"tempor",1
"therebi",1
"timeorgan",1
"uncommit",1
"unionist",1
"workday",1
"xempti",1
"xflexibl",1
"xnew",1
"xtwilling",1
